Workbook

Sheet EVS
A1: Election Violence & Security (EVS) Module
A2: EVS = 0.40(D) + 0.25(I) + 0.20(K) + 0.15(A) — each sub-variable min-max normalized 0-1 across the dataset before weighting.
A4: Country | B4: Election Year | C4: Year Range | D4: Deaths (D) | E4: Injuries (I) | F4: Kidnappings (K) | G4: Attacks/Incidents (A) | H4: Source / Basis | I4: D norm | J4: I norm | K4: K norm | L4: A norm | M4: EVS Score (0-1)
A5: Mexico | B5: 2024 General Election (2 Jun 2024) | C5: January 1st 2023 to December 31st 2024 | D5: 15654 | E5: N/A | F5: 459 | G5: 16477 | H5: ACLED | I5: =(D5-min($D$5:$D$34))/(max($D$5:$D$34)-min($D$5:$D$34)) -> 0.79725804 | J5: =(E5-min($E$5:$E$34))/(max($E$5:$E$34)-min($E$5:$E$34)) -> #VALUE! | K5: =(F5-min($F$5:$F$34))/(max($F$5:$F$34)-min($F$5:$F$34)) -> 0.38345865 | L5: =(G5-min($G$5:$G$34))/(max($G$5:$G$34)-min($G$5:$G$34)) -> 0.86881528 | M5: =0.4*I5+0.25*J5+0.2*K5+0.15*L5 -> #VALUE!
A6: Mexico | B6: 2021 Federal Midterm Election (6 Jun 2021) | C6: January 1st 2020 to December 31st 2021 | D6: 16667 | E6: N/A | F6: 362 | G6: 16279 | H6: ACLED | I6: =(D6-min($D$5:$D$34))/(max($D$5:$D$34)-min($D$5:$D$34)) -> 0.8488864 | J6: =(E6-min($E$5:$E$34))/(max($E$5:$E$34)-min($E$5:$E$34)) -> #VALUE! | K6: =(F6-min($F$5:$F$34))/(max($F$5:$F$34)-min($F$5:$F$34)) -> 0.30242272 | L6: =(G6-min($G$5:$G$34))/(max($G$5:$G$34)-min($G$5:$G$34)) -> 0.85837114 | M6: =0.4*I6+0.25*J6+0.2*K6+0.15*L6 -> #VALUE!
A7: Nigeria | B7: 2023 General Election (25 Feb 2023) | C7: January 1st 2022 to December 31st 2023 | D7: 19632 | E7: N/A | F7: 1197 | G7: 7994 | H7: ACLED | I7: =(D7-min($D$5:$D$34))/(max($D$5:$D$34)-min($D$5:$D$34)) -> 1 | J7: =(E7-min($E$5:$E$34))/(max($E$5:$E$34)-min($E$5:$E$34)) -> #VALUE! | K7: =(F7-min($F$5:$F$34))/(max($F$5:$F$34)-min($F$5:$F$34)) -> 1 | L7: =(G7-min($G$5:$G$34))/(max($G$5:$G$34)-min($G$5:$G$34)) -> 0.42135246 | M7: =0.4*I7+0.25*J7+0.2*K7+0.15*L7 -> #VALUE!
A8: Nigeria | B8: 2019 General Election (23 Feb 2019) | C8: January 1st 2018 to December 31st 2019 | D8: 11823 | E8: N/A | F8: 193 | G8: 3366 | H8: ACLED | I8: =(D8-min($D$5:$D$34))/(max($D$5:$D$34)-min($D$5:$D$34)) -> 0.60200805 | J8: =(E8-min($E$5:$E$34))/(max($E$5:$E$34)-min($E$5:$E$34)) -> #VALUE! | K8: =(F8-min($F$5:$F$34))/(max($F$5:$F$34)-min($F$5:$F$34)) -> 0.16123642 | L8: =(G8-min($G$5:$G$34))/(max($G$5:$G$34)-min($G$5:$G$34)) -> 0.17723389 | M8: =0.4*I8+0.25*J8+0.2*K8+0.15*L8 -> #VALUE!
A9: Kenya | B9: 2022 General Election (9 Aug 2022) | C9: January 1st 2021 to December 31st 2022 | D9: 1196 | E9: N/A | F9: 61 | G9: 1800 | H9: ACLED | I9: =(D9-min($D$5:$D$34))/(max($D$5:$D$34)-min($D$5:$D$34)) -> 0.060394475 | J9: =(E9-min($E$5:$E$34))/(max($E$5:$E$34)-min($E$5:$E$34)) -> #VALUE! | K9: =(F9-min($F$5:$F$34))/(max($F$5:$F$34)-min($F$5:$F$34)) -> 0.050960735 | L9: =(G9-min($G$5:$G$34))/(max($G$5:$G$34)-min($G$5:$G$34)) -> 0.094630235 | M9: =0.4*I9+0.25*J9+0.2*K9+0.15*L9 -> #VALUE!
A10: Kenya | B10: 2017 General Election (8 Aug / rerun 26 Oct 2017) | C10: January 1st 2016 to December 31st 2017 | D10: 1010 | E10: N/A | F10: 7 | G10: 1003 | H10: ACLED | I10: =(D10-min($D$5:$D$34))/(max($D$5:$D$34)-min($D$5:$D$34)) -> 0.050914836 | J10: =(E10-min($E$5:$E$34))/(max($E$5:$E$34)-min($E$5:$E$34)) -> #VALUE! | K10: =(F10-min($F$5:$F$34))/(max($F$5:$F$34)-min($F$5:$F$34)) -> 0.0058479532 | L10: =(G10-min($G$5:$G$34))/(max($G$5:$G$34)-min($G$5:$G$34)) -> 0.052589936 | M10: =0.4*I10+0.25*J10+0.2*K10+0.15*L10 -> #VALUE!
A11: Indonesia | B11: 2024 General Election (14 Feb 2024) | C11: January 1st 2023 to December 31st 2024 | D11: 384 | E11: N/A | F11: 11 | G11: 1345 | H11: ACLED | I11: =(D11-min($D$5:$D$34))/(max($D$5:$D$34)-min($D$5:$D$34)) -> 0.019010244 | J11: =(E11-min($E$5:$E$34))/(max($E$5:$E$34)-min($E$5:$E$34)) -> #VALUE! | K11: =(F11-min($F$5:$F$34))/(max($F$5:$F$34)-min($F$5:$F$34)) -> 0.0091896408 | L11: =(G11-min($G$5:$G$34))/(max($G$5:$G$34)-min($G$5:$G$34)) -> 0.070629813 | M11: =0.4*I11+0.25*J11+0.2*K11+0.15*L11 -> #VALUE!
A12: Indonesia | B12: 2019 General Election (17 Apr 2019) | C12: January 1st 2018 to December 31st 2019 | D12: 376 | E12: N/A | F12: 3 | G12: 779 | H12: ACLED | I12: =(D12-min($D$5:$D$34))/(max($D$5:$D$34)-min($D$5:$D$34)) -> 0.018602518 | J12: =(E12-min($E$5:$E$34))/(max($E$5:$E$34)-min($E$5:$E$34)) -> #VALUE! | K12: =(F12-min($F$5:$F$34))/(max($F$5:$F$34)-min($F$5:$F$34)) -> 0.0025062657 | L12: =(G12-min($G$5:$G$34))/(max($G$5:$G$34)-min($G$5:$G$34)) -> 0.040774343 | M12: =0.4*I12+0.25*J12+0.2*K12+0.15*L12 -> #VALUE!
A13: South Africa | B13: 2024 General Election (29 May 2024) | C13: January 1st 2023 to December 31st 2024 | D13: 600 | E13: N/A | F13: 6 | G13: 1720 | H13: ACLED | I13: =(D13-min($D$5:$D$34))/(max($D$5:$D$34)-min($D$5:$D$34)) -> 0.030018857 | J13: =(E13-min($E$5:$E$34))/(max($E$5:$E$34)-min($E$5:$E$34)) -> #VALUE! | K13: =(F13-min($F$5:$F$34))/(max($F$5:$F$34)-min($F$5:$F$34)) -> 0.0050125313 | L13: =(G13-min($G$5:$G$34))/(max($G$5:$G$34)-min($G$5:$G$34)) -> 0.090410381 | M13: =0.4*I13+0.25*J13+0.2*K13+0.15*L13 -> #VALUE!
A14: South Africa | B14: 2019 General Election (8 May 2019) | C14: January 1st 2018 to December 31st 2019 | D14: 309 | E14: N/A | F14: 0 | G14: 1341 | H14: ACLED | I14: =(D14-min($D$5:$D$34))/(max($D$5:$D$34)-min($D$5:$D$34)) -> 0.015187809 | J14: =(E14-min($E$5:$E$34))/(max($E$5:$E$34)-min($E$5:$E$34)) -> #VALUE! | K14: =(F14-min($F$5:$F$34))/(max($F$5:$F$34)-min($F$5:$F$34)) -> 0 | L14: =(G14-min($G$5:$G$34))/(max($G$5:$G$34)-min($G$5:$G$34)) -> 0.070418821 | M14: =0.4*I14+0.25*J14+0.2*K14+0.15*L14 -> #VALUE!
A15: United States | B15: 2024 Presidential Election (5 Nov 2024) | C15: January 1st 2023 to December 31st 2024 | D15: 98 | E15: N/A | F15: 0 | G15: 1390 | H15: ACLED | I15: =(D15-min($D$5:$D$34))/(max($D$5:$D$34)-min($D$5:$D$34)) -> 0.0044340248 | J15: =(E15-min($E$5:$E$34))/(max($E$5:$E$34)-min($E$5:$E$34)) -> #VALUE! | K15: =(F15-min($F$5:$F$34))/(max($F$5:$F$34)-min($F$5:$F$34)) -> 0 | L15: =(G15-min($G$5:$G$34))/(max($G$5:$G$34)-min($G$5:$G$34)) -> 0.073003481 | M15: =0.4*I15+0.25*J15+0.2*K15+0.15*L15 -> #VALUE!
A16: United States | B16: 2020 Presidential Election (3 Nov 2020) | C16: January 1st 2019 to December 31st 2020 | D16: 69 | E16: N/A | F16: 0 | G16: 1738 | H16: ACLED | I16: =(D16-min($D$5:$D$34))/(max($D$5:$D$34)-min($D$5:$D$34)) -> 0.0029560165 | J16: =(E16-min($E$5:$E$34))/(max($E$5:$E$34)-min($E$5:$E$34)) -> #VALUE! | K16: =(F16-min($F$5:$F$34))/(max($F$5:$F$34)-min($F$5:$F$34)) -> 0 | L16: =(G16-min($G$5:$G$34))/(max($G$5:$G$34)-min($G$5:$G$34)) -> 0.091359848 | M16: =0.4*I16+0.25*J16+0.2*K16+0.15*L16 -> #VALUE!
... A34: Congo | B34: 2021 Presidential Election (21 Mar 2021) | C34: January 1st 2020 to December 31st 2021 | D34: 11 | E34: N/A | F34: 1 | G34: 21 | H34: ACLED | I34: =(D34-min($D$5:$D$34))/(max($D$5:$D$34)-min($D$5:$D$34)) -> 0 | J34: =(E34-min($E$5:$E$34))/(max($E$5:$E$34)-min($E$5:$E$34)) -> #VALUE! | K34: =(F34-min($F$5:$F$34))/(max($F$5:$F$34)-min($F$5:$F$34)) -> 0.00083542189 | L34: =(G34-min($G$5:$G$34))/(max($G$5:$G$34)-min($G$5:$G$34)) -> 0.0007912227 | M34: =0.4*I34+0.25*J34+0.2*K34+0.15*L34 -> #VALUE!

Sheet TIE
A1: Threats, Intimidation & Election-Related Coercion (TIE) Module
A2: TIE = 0.30(P) + 0.25(T) + 0.25(H) + 0.20(R) — P/T/H/R are Estimated Severity Index (ESI, 0-10) unless a real count is cited; normalized 0-1 across the dataset.
A4: Country | B4: Election Year | C4: Year Range | D4: Political Intimidation (P) | E4: Threats to Candidates/Press/Voters (T) | F4: Harassment (H) | G4: Politically-Motivated Arrests/Detentions (R) | H4: Source / Basis | I4: P norm | J4: T norm | K4: H norm | L4: R norm | M4: TIE Score (0-1)
A5: Mexico | B5: 2024 General Election (2 Jun 2024) | C5: January 1st 2023 to December 31st 2024 | D5: 11390 | E5: 508 | F5: 988 | G5: 419 | H5: ACLED | I5: =(D5-min($D$5:$D$34))/(max($D$5:$D$34)-min($D$5:$D$34)) -> 0.92260313 | J5: =(E5-min($E$5:$E$34))/(max($E$5:$E$34)-min($E$5:$E$34)) -> 0.3793876 | K5: =(F5-min($F$5:$F$34))/(max($F$5:$F$34)-min($F$5:$F$34)) -> 1 | L5: =(G5-min($G$5:$G$34))/(max($G$5:$G$34)-min($G$5:$G$34)) -> 1 | M5: =(0.3*I5 + 0.25*J5 + 0.25*K5 + 0.2*L5)*100 -> 82.162784
A6: Mexico | B6: 2021 Federal Midterm Election (6 Jun 2021) | C6: January 1st 2020 to December 31st 2021 | D6: 12345 | E6: 377 | F6: 574 | G6: 258 | H6: ACLED | I6: =(D6-min($D$5:$D$34))/(max($D$5:$D$34)-min($D$5:$D$34)) -> 1 | J6: =(E6-min($E$5:$E$34))/(max($E$5:$E$34)-min($E$5:$E$34)) -> 0.2815534 | K6: =(F6-min($F$5:$F$34))/(max($F$5:$F$34)-min($F$5:$F$34)) -> 0.58097166 | L6: =(G6-min($G$5:$G$34))/(max($G$5:$G$34)-min($G$5:$G$34)) -> 0.61575179 | M6: =(0.3*I6 + 0.25*J6 + 0.25*K6 + 0.2*L6)*100 -> 63.878162
A7: Nigeria | B7: 2023 General Election (25 Feb 2023) | C7: January 1st 2022 to December 31st 2023 | D7: 3384 | E7: 1339 | F7: 403 | G7: 33 | H7: ACLED | I7: =(D7-min($D$5:$D$34))/(max($D$5:$D$34)-min($D$5:$D$34)) -> 0.27376611 | J7: =(E7-min($E$5:$E$34))/(max($E$5:$E$34)-min($E$5:$E$34)) -> 1 | K7: =(F7-min($F$5:$F$34))/(max($F$5:$F$34)-min($F$5:$F$34)) -> 0.40789474 | L7: =(G7-min($G$5:$G$34))/(max($G$5:$G$34)-min($G$5:$G$34)) -> 0.07875895 | M7: =(0.3*I7 + 0.25*J7 + 0.25*K7 + 0.2*L7)*100 -> 44.985531
A8: Nigeria | B8: 2019 General Election (23 Feb 2019) | C8: January 1st 2018 to December 31st 2019 | D8: 1693 | E8: 250 | F8: 106 | G8: 23 | H8: ACLED | I8: =(D8-min($D$5:$D$34))/(max($D$5:$D$34)-min($D$5:$D$34)) -> 0.13672097 | J8: =(E8-min($E$5:$E$34))/(max($E$5:$E$34)-min($E$5:$E$34)) -> 0.1867065 | K8: =(F8-min($F$5:$F$34))/(max($F$5:$F$34)-min($F$5:$F$34)) -> 0.10728745 | L8: =(G8-min($G$5:$G$34))/(max($G$5:$G$34)-min($G$5:$G$34)) -> 0.054892601 | M8: =(0.3*I8 + 0.25*J8 + 0.25*K8 + 0.2*L8)*100 -> 12.54933
A9: Kenya | B9: 2022 General Election (9 Aug 2022) | C9: January 1st 2021 to December 31st 2022 | D9: 1211 | E9: 102 | F9: 113 | G9: 10 | H9: ACLED | I9: =(D9-min($D$5:$D$34))/(max($D$5:$D$34)-min($D$5:$D$34)) -> 0.097657833 | J9: =(E9-min($E$5:$E$34))/(max($E$5:$E$34)-min($E$5:$E$34)) -> 0.076176251 | K9: =(F9-min($F$5:$F$34))/(max($F$5:$F$34)-min($F$5:$F$34)) -> 0.11437247 | L9: =(G9-min($G$5:$G$34))/(max($G$5:$G$34)-min($G$5:$G$34)) -> 0.023866348 | M9: =(0.3*I9 + 0.25*J9 + 0.25*K9 + 0.2*L9)*100 -> 8.17078
A10: Kenya | B10: 2017 General Election (8 Aug / rerun 26 Oct 2017) | C10: January 1st 2016 to December 31st 2017 | D10: 721 | E10: 44 | F10: 22 | G10: 3 | H10: ACLED | I10: =(D10-min($D$5:$D$34))/(max($D$5:$D$34)-min($D$5:$D$34)) -> 0.057946349 | J10: =(E10-min($E$5:$E$34))/(max($E$5:$E$34)-min($E$5:$E$34)) -> 0.032860344 | K10: =(F10-min($F$5:$F$34))/(max($F$5:$F$34)-min($F$5:$F$34)) -> 0.022267206 | L10: =(G10-min($G$5:$G$34))/(max($G$5:$G$34)-min($G$5:$G$34)) -> 0.0071599045 | M10: =(0.3*I10 + 0.25*J10 + 0.25*K10 + 0.2*L10)*100 -> 3.2597773
A11: Indonesia | B11: 2024 General Election (14 Feb 2024) | C11: January 1st 2023 to December 31st 2024 | D11: 871 | E11: 15 | F11: 114 | G11: 22 | H11: ACLED | I11: =(D11-min($D$5:$D$34))/(max($D$5:$D$34)-min($D$5:$D$34)) -> 0.070102926 | J11: =(E11-min($E$5:$E$34))/(max($E$5:$E$34)-min($E$5:$E$34)) -> 0.01120239 | K11: =(F11-min($F$5:$F$34))/(max($F$5:$F$34)-min($F$5:$F$34)) -> 0.11538462 | L11: =(G11-min($G$5:$G$34))/(max($G$5:$G$34)-min($G$5:$G$34)) -> 0.052505967 | M11: =(0.3*I11 + 0.25*J11 + 0.25*K11 + 0.2*L11)*100 -> 6.3178822
A12: Indonesia | B12: 2019 General Election (17 Apr 2019) | C12: January 1st 2018 to December 31st 2019 | D12: 448 | E12: 16 | F12: 47 | G12: 37 | H12: ACLED | I12: =(D12-min($D$5:$D$34))/(max($D$5:$D$34)-min($D$5:$D$34)) -> 0.035821379 | J12: =(E12-min($E$5:$E$34))/(max($E$5:$E$34)-min($E$5:$E$34)) -> 0.011949216 | K12: =(F12-min($F$5:$F$34))/(max($F$5:$F$34)-min($F$5:$F$34)) -> 0.04757085 | L12: =(G12-min($G$5:$G$34))/(max($G$5:$G$34)-min($G$5:$G$34)) -> 0.088305489 | M12: =(0.3*I12 + 0.25*J12 + 0.25*K12 + 0.2*L12)*100 -> 4.3287528
A13: South Africa | B13: 2024 General Election (29 May 2024) | C13: January 1st 2023 to December 31st 2024 | D13: 1545 | E13: 6 | F13: 41 | G13: 35 | H13: ACLED | I13: =(D13-min($D$5:$D$34))/(max($D$5:$D$34)-min($D$5:$D$34)) -> 0.12472648 | J13: =(E13-min($E$5:$E$34))/(max($E$5:$E$34)-min($E$5:$E$34)) -> 0.0044809559 | K13: =(F13-min($F$5:$F$34))/(max($F$5:$F$34)-min($F$5:$F$34)) -> 0.041497976 | L13: =(G13-min($G$5:$G$34))/(max($G$5:$G$34)-min($G$5:$G$34)) -> 0.08353222 | M13: =(0.3*I13 + 0.25*J13 + 0.25*K13 + 0.2*L13)*100 -> 6.561912
A14: South Africa | B14: 2019 General Election (8 May 2019) | C14: January 1st 2018 to December 31st 2019 | D14: 1232 | E14: 2 | F14: 14 | G14: 2 | H14: ACLED | I14: =(D14-min($D$5:$D$34))/(max($D$5:$D$34)-min($D$5:$D$34)) -> 0.099359754 | J14: =(E14-min($E$5:$E$34))/(max($E$5:$E$34)-min($E$5:$E$34)) -> 0.001493652 | K14: =(F14-min($F$5:$F$34))/(max($F$5:$F$34)-min($F$5:$F$34)) -> 0.01417004 | L14: =(G14-min($G$5:$G$34))/(max($G$5:$G$34)-min($G$5:$G$34)) -> 0.0047732697 | M14: =(0.3*I14 + 0.25*J14 + 0.25*K14 + 0.2*L14)*100 -> 3.4678503
A15: United States | B15: 2024 Presidential Election (5 Nov 2024) | C15: January 1st 2023 to December 31st 2024 | D15: 420 | E15: 6 | F15: 226 | G15: 30 | H15: ACLED | I15: =(D15-min($D$5:$D$34))/(max($D$5:$D$34)-min($D$5:$D$34)) -> 0.033552152 | J15: =(E15-min($E$5:$E$34))/(max($E$5:$E$34)-min($E$5:$E$34)) -> 0.0044809559 | K15: =(F15-min($F$5:$F$34))/(max($F$5:$F$34)-min($F$5:$F$34)) -> 0.22874494 | L15: =(G15-min($G$5:$G$34))/(max($G$5:$G$34)-min($G$5:$G$34)) -> 0.071599045 | M15: =(0.3*I15 + 0.25*J15 + 0.25*K15 + 0.2*L15)*100 -> 8.2691928
A16: United States | B16: 2020 Presidential Election (3 Nov 2020) | C16: January 1st 2019 to December 31st 2020 | D16: 1048 | E16: 3 | F16: 33 | G16: 30 | H16: ACLED | I16: =(D16-min($D$5:$D$34))/(max($D$5:$D$34)-min($D$5:$D$34)) -> 0.084447686 | J16: =(E16-min($E$5:$E$34))/(max($E$5:$E$34)-min($E$5:$E$34)) -> 0.002240478 | K16: =(F16-min($F$5:$F$34))/(max($F$5:$F$34)-min($F$5:$F$34)) -> 0.03340081 | L16: =(G16-min($G$5:$G$34))/(max($G$5:$G$34)-min($G$5:$G$34)) -> 0.071599045 | M16: =(0.3*I16 + 0.25*J16 + 0.25*K16 + 0.2*L16)*100 -> 4.8564437
... A34: Congo | B34: 2021 Presidential Election (21 Mar 2021) | C34: January 1st 2020 to December 31st 2021 | D34: 18 | E34: 1 | F34: 0 | G34: 0 | H34: ACLED | I34: =(D34-min($D$5:$D$34))/(max($D$5:$D$34)-min($D$5:$D$34)) -> 0.00097252614 | J34: =(E34-min($E$5:$E$34))/(max($E$5:$E$34)-min($E$5:$E$34)) -> 0.00074682599 | K34: =(F34-min($F$5:$F$34))/(max($F$5:$F$34)-min($F$5:$F$34)) -> 0 | L34: =(G34-min($G$5:$G$34))/(max($G$5:$G$34)-min($G$5:$G$34)) -> 0 | M34: =(0.3*I34 + 0.25*J34 + 0.25*K34 + 0.2*L34)*100 -> 0.047846434

Sheet PDL
A1: Public Distress Load (PDL) Module
A2: PDL = 0.55(G) + 0.45(S) — G/S are Estimated Severity Index (ESI, 0-10) proxies for search-interest / societal-distress signals; normalized 0-1 across the dataset.
A4: Country | B4: Election Year | C4: Year Range | D4: Search/Media Distress Signal (G) | E4: Societal Distress Composite (S) | F4: Source / Basis | G4: G norm | H4: S norm | I4: PDL Score (0-1)
A5: Mexico | B5: 2024 General Election (2 Jun 2024) | C5: January 1st 2023 to December 31st 2024 | D5: 775 | E5: 2575 | F5: ACLED | G5: =(D5-min($D$5:$D$34))/(max($D$5:$D$34)-min($D$5:$D$34)) -> 0.16620202 | H5: =(E5-min($E$5:$E$34))/(max($E$5:$E$34)-min($E$5:$E$34)) -> 0.49073189 | I5: =(0.55*G5+0.45*H5)*100 -> 31.224046
A6: Mexico | B6: 2021 Federal Midterm Election (6 Jun 2021) | C6: January 1st 2020 to December 31st 2021 | D6: 831 | E6: 2218 | F6: ACLED | G6: =(D6-min($D$5:$D$34))/(max($D$5:$D$34)-min($D$5:$D$34)) -> 0.17821145 | H6: =(E6-min($E$5:$E$34))/(max($E$5:$E$34)-min($E$5:$E$34)) -> 0.42251099 | I6: =(0.55*G6+0.45*H6)*100 -> 28.814624
A7: Nigeria | B7: 2023 General Election (25 Feb 2023) | C7: January 1st 2022 to December 31st 2023 | D7: 324 | E7: 2246 | F7: ACLED | G7: =(D7-min($D$5:$D$34))/(max($D$5:$D$34)-min($D$5:$D$34)) -> 0.069483165 | H7: =(E7-min($E$5:$E$34))/(max($E$5:$E$34)-min($E$5:$E$34)) -> 0.42786165 | I7: =(0.55*G7+0.45*H7)*100 -> 23.075348
A8: Nigeria | B8: 2019 General Election (23 Feb 2019) | C8: January 1st 2018 to December 31st 2019 | D8: 277 | E8: 567 | F8: ACLED | G8: =(D8-min($D$5:$D$34))/(max($D$5:$D$34)-min($D$5:$D$34)) -> 0.059403817 | H8: =(E8-min($E$5:$E$34))/(max($E$5:$E$34)-min($E$5:$E$34)) -> 0.10701319 | I8: =(0.55*G8+0.45*H8)*100 -> 8.0828033
A9: Kenya | B9: 2022 General Election (9 Aug 2022) | C9: January 1st 2021 to December 31st 2022 | D9: 311 | E9: 905 | F9: ACLED | G9: =(D9-min($D$5:$D$34))/(max($D$5:$D$34)-min($D$5:$D$34)) -> 0.066695261 | H9: =(E9-min($E$5:$E$34))/(max($E$5:$E$34)-min($E$5:$E$34)) -> 0.17160329 | I9: =(0.55*G9+0.45*H9)*100 -> 11.390387
A10: Kenya | B10: 2017 General Election (8 Aug / rerun 26 Oct 2017) | C10: January 1st 2016 to December 31st 2017 | D10: 337 | E10: 269 | F10: ACLED | G10: =(D10-min($D$5:$D$34))/(max($D$5:$D$34)-min($D$5:$D$34)) -> 0.07227107 | H10: =(E10-min($E$5:$E$34))/(max($E$5:$E$34)-min($E$5:$E$34)) -> 0.050066883 | I10: =(0.55*G10+0.45*H10)*100 -> 6.2279186
A11: Indonesia | B11: 2024 General Election (14 Feb 2024) | C11: January 1st 2023 to December 31st 2024 | D11: 400 | E11: 464 | F11: ACLED | G11: =(D11-min($D$5:$D$34))/(max($D$5:$D$34)-min($D$5:$D$34)) -> 0.085781686 | H11: =(E11-min($E$5:$E$34))/(max($E$5:$E$34)-min($E$5:$E$34)) -> 0.087330403 | I11: =(0.55*G11+0.45*H11)*100 -> 8.6478609
A12: Indonesia | B12: 2019 General Election (17 Apr 2019) | C12: January 1st 2018 to December 31st 2019 | D12: 289 | E12: 203 | F12: ACLED | G12: =(D12-min($D$5:$D$34))/(max($D$5:$D$34)-min($D$5:$D$34)) -> 0.061977268 | H12: =(E12-min($E$5:$E$34))/(max($E$5:$E$34)-min($E$5:$E$34)) -> 0.037454615 | I12: =(0.55*G12+0.45*H12)*100 -> 5.0942074
A13: South Africa | B13: 2024 General Election (29 May 2024) | C13: January 1st 2023 to December 31st 2024 | D13: 826 | E13: 585 | F13: ACLED | G13: =(D13-min($D$5:$D$34))/(max($D$5:$D$34)-min($D$5:$D$34)) -> 0.17713918 | H13: =(E13-min($E$5:$E$34))/(max($E$5:$E$34)-min($E$5:$E$34)) -> 0.1104529 | I13: =(0.55*G13+0.45*H13)*100 -> 14.713035
A14: South Africa | B14: 2019 General Election (8 May 2019) | C14: January 1st 2018 to December 31st 2019 | D14: 948 | E14: 270 | F14: ACLED | G14: =(D14-min($D$5:$D$34))/(max($D$5:$D$34)-min($D$5:$D$34)) -> 0.20330259 | H14: =(E14-min($E$5:$E$34))/(max($E$5:$E$34)-min($E$5:$E$34)) -> 0.050257978 | I14: =(0.55*G14+0.45*H14)*100 -> 13.443252
A15: United States | B15: 2024 Presidential Election (5 Nov 2024) | C15: January 1st 2023 to December 31st 2024 | D15: 1054 | E15: 422 | F15: ACLED | G15: =(D15-min($D$5:$D$34))/(max($D$5:$D$34)-min($D$5:$D$34)) -> 0.22603474 | H15: =(E15-min($E$5:$E$34))/(max($E$5:$E$34)-min($E$5:$E$34)) -> 0.079304414 | I15: =(0.55*G15+0.45*H15)*100 -> 16.000609
A16: United States | B16: 2020 Presidential Election (3 Nov 2020) | C16: January 1st 2019 to December 31st 2020 | D16: 1808 | E16: 224 | F16: ACLED | G16: =(D16-min($D$5:$D$34))/(max($D$5:$D$34)-min($D$5:$D$34)) -> 0.38773322 | H16: =(E16-min($E$5:$E$34))/(max($E$5:$E$34)-min($E$5:$E$34)) -> 0.041467609 | I16: =(0.55*G16+0.45*H16)*100 -> 23.191369
... A34: Congo | B34: 2021 Presidential Election (21 Mar 2021) | C34: January 1st 2020 to December 31st 2021 | D34: 4 | E34: 8 | F34: ACLED | G34: =(D34-min($D$5:$D$34))/(max($D$5:$D$34)-min($D$5:$D$34)) -> 0.00085781686 | H34: =(E34-min($E$5:$E$34))/(max($E$5:$E$34)-min($E$5:$E$34)) -> 0.00019109497 | I34: =(0.55*G34+0.45*H34)*100 -> 0.055779201

Sheet ITS
A1: Institutional Trust Shock (ITS) Module
A2: ITS = 0.30(C) + 0.25(L) + 0.25(P) + 0.20(S) — Court Challenges (C), Legal Disputes (L), Protests (P), Security Interventions (S); counts where cited, else Estimated Severity Index 0-10; normalized 0-1 across the dataset.
A4: Country | B4: Election Year | C4: Year Range | D4: Court Challenges (C) | E4: Legal Disputes (L) | F4: Protests (P) | G4: Security Interventions (S) | H4: Source / Basis | I4: C norm | J4: L norm | K4: P norm | L4: S norm | M4: ITS Score (0-1)
A5: Mexico | B5: 2024 General Election (2 Jun 2024) | C5: January 1st 2023 to December 31st 2024 | D5: 0 | E5: 0 | F5: 11892 | G5: 10382 | H5: ACLED | I5: =(D5-min($D$5:$D$34))/(max($D$5:$D$34)-min($D$5:$D$34)) -> #DIV/0! | J5: =(E5-min($E$5:$E$34))/(max($E$5:$E$34)-min($E$5:$E$34)) -> #DIV/0! | K5: =(F5-min($F$5:$F$34))/(max($F$5:$F$34)-min($F$5:$F$34)) -> 0.30849076 | L5: =(G5-min($G$5:$G$34))/(max($G$5:$G$34)-min($G$5:$G$34)) -> 0.95265186 | M5: =0.3*I5+0.25*J5+0.25*K5+0.2*L5 -> #DIV/0!
A6: Mexico | B6: 2021 Federal Midterm Election (6 Jun 2021) | C6: January 1st 2020 to December 31st 2021 | D6: 0 | E6: 0 | F6: 12217 | G6: 10898 | H6: ACLED | I6: =(D6-min($D$5:$D$34))/(max($D$5:$D$34)-min($D$5:$D$34)) -> #DIV/0! | J6: =(E6-min($E$5:$E$34))/(max($E$5:$E$34)-min($E$5:$E$34)) -> #DIV/0! | K6: =(F6-min($F$5:$F$34))/(max($F$5:$F$34)-min($F$5:$F$34)) -> 0.31692443 | L6: =(G6-min($G$5:$G$34))/(max($G$5:$G$34)-min($G$5:$G$34)) -> 1 | M6: =0.3*I6+0.25*J6+0.25*K6+0.2*L6 -> #DIV/0!
A7: Nigeria | B7: 2023 General Election (25 Feb 2023) | C7: January 1st 2022 to December 31st 2023 | D7: 0 | E7: 0 | F7: 1616 | G7: 2716 | H7: ACLED | I7: =(D7-min($D$5:$D$34))/(max($D$5:$D$34)-min($D$5:$D$34)) -> #DIV/0! | J7: =(E7-min($E$5:$E$34))/(max($E$5:$E$34)-min($E$5:$E$34)) -> #DIV/0! | K7: =(F7-min($F$5:$F$34))/(max($F$5:$F$34)-min($F$5:$F$34)) -> 0.041831015 | L7: =(G7-min($G$5:$G$34))/(max($G$5:$G$34)-min($G$5:$G$34)) -> 0.24922004 | M7: =0.3*I7+0.25*J7+0.25*K7+0.2*L7 -> #DIV/0!
A8: Nigeria | B8: 2019 General Election (23 Feb 2019) | C8: January 1st 2018 to December 31st 2019 | D8: 0 | E8: 0 | F8: 1148 | G8: 1358 | H8: ACLED | I8: =(D8-min($D$5:$D$34))/(max($D$5:$D$34)-min($D$5:$D$34)) -> #DIV/0! | J8: =(E8-min($E$5:$E$34))/(max($E$5:$E$34)-min($E$5:$E$34)) -> #DIV/0! | K8: =(F8-min($F$5:$F$34))/(max($F$5:$F$34)-min($F$5:$F$34)) -> 0.029686527 | L8: =(G8-min($G$5:$G$34))/(max($G$5:$G$34)-min($G$5:$G$34)) -> 0.12461002 | M8: =0.3*I8+0.25*J8+0.25*K8+0.2*L8 -> #DIV/0!
A9: Kenya | B9: 2022 General Election (9 Aug 2022) | C9: January 1st 2021 to December 31st 2022 | D9: 0 | E9: 0 | F9: 823 | G9: 395 | H9: ACLED | I9: =(D9-min($D$5:$D$34))/(max($D$5:$D$34)-min($D$5:$D$34)) -> #DIV/0! | J9: =(E9-min($E$5:$E$34))/(max($E$5:$E$34)-min($E$5:$E$34)) -> #DIV/0! | K9: =(F9-min($F$5:$F$34))/(max($F$5:$F$34)-min($F$5:$F$34)) -> 0.021252854 | L9: =(G9-min($G$5:$G$34))/(max($G$5:$G$34)-min($G$5:$G$34)) -> 0.036245183 | M9: =0.3*I9+0.25*J9+0.25*K9+0.2*L9 -> #DIV/0!
A10: Kenya | B10: 2017 General Election (8 Aug / rerun 26 Oct 2017) | C10: January 1st 2016 to December 31st 2017 | D10: 0 | E10: 0 | F10: 537 | G10: 250 | H10: ACLED | I10: =(D10-min($D$5:$D$34))/(max($D$5:$D$34)-min($D$5:$D$34)) -> #DIV/0! | J10: =(E10-min($E$5:$E$34))/(max($E$5:$E$34)-min($E$5:$E$34)) -> #DIV/0! | K10: =(F10-min($F$5:$F$34))/(max($F$5:$F$34)-min($F$5:$F$34)) -> 0.013831223 | L10: =(G10-min($G$5:$G$34))/(max($G$5:$G$34)-min($G$5:$G$34)) -> 0.022939989 | M10: =0.3*I10+0.25*J10+0.25*K10+0.2*L10 -> #DIV/0!
A11: Indonesia | B11: 2024 General Election (14 Feb 2024) | C11: January 1st 2023 to December 31st 2024 | D11: 0 | E11: 0 | F11: 6502 | G11: 424 | H11: ACLED | I11: =(D11-min($D$5:$D$34))/(max($D$5:$D$34)-min($D$5:$D$34)) -> #DIV/0! | J11: =(E11-min($E$5:$E$34))/(max($E$5:$E$34)-min($E$5:$E$34)) -> #DIV/0! | K11: =(F11-min($F$5:$F$34))/(max($F$5:$F$34)-min($F$5:$F$34)) -> 0.16862155 | L11: =(G11-min($G$5:$G$34))/(max($G$5:$G$34)-min($G$5:$G$34)) -> 0.038906221 | M11: =0.3*I11+0.25*J11+0.25*K11+0.2*L11 -> #DIV/0!
A12: Indonesia | B12: 2019 General Election (17 Apr 2019) | C12: January 1st 2018 to December 31st 2019 | D12: 0 | E12: 0 | F12: 2087 | G12: 292 | H12: ACLED | I12: =(D12-min($D$5:$D$34))/(max($D$5:$D$34)-min($D$5:$D$34)) -> #DIV/0! | J12: =(E12-min($E$5:$E$34))/(max($E$5:$E$34)-min($E$5:$E$34)) -> #DIV/0! | K12: =(F12-min($F$5:$F$34))/(max($F$5:$F$34)-min($F$5:$F$34)) -> 0.054053353 | L12: =(G12-min($G$5:$G$34))/(max($G$5:$G$34)-min($G$5:$G$34)) -> 0.026793907 | M12: =0.3*I12+0.25*J12+0.25*K12+0.2*L12 -> #DIV/0!
A13: South Africa | B13: 2024 General Election (29 May 2024) | C13: January 1st 2023 to December 31st 2024 | D13: 0 | E13: 0 | F13: 3286 | G13: 386 | H13: ACLED | I13: =(D13-min($D$5:$D$34))/(max($D$5:$D$34)-min($D$5:$D$34)) -> #DIV/0! | J13: =(E13-min($E$5:$E$34))/(max($E$5:$E$34)-min($E$5:$E$34)) -> #DIV/0! | K13: =(F13-min($F$5:$F$34))/(max($F$5:$F$34)-min($F$5:$F$34)) -> 0.085167116 | L13: =(G13-min($G$5:$G$34))/(max($G$5:$G$34)-min($G$5:$G$34)) -> 0.035419343 | M13: =0.3*I13+0.25*J13+0.25*K13+0.2*L13 -> #DIV/0!
A14: South Africa | B14: 2019 General Election (8 May 2019) | C14: January 1st 2018 to December 31st 2019 | D14: 0 | E14: 0 | F14: 2240 | G14: 182 | H14: ACLED | I14: =(D14-min($D$5:$D$34))/(max($D$5:$D$34)-min($D$5:$D$34)) -> #DIV/0! | J14: =(E14-min($E$5:$E$34))/(max($E$5:$E$34)-min($E$5:$E$34)) -> #DIV/0! | K14: =(F14-min($F$5:$F$34))/(max($F$5:$F$34)-min($F$5:$F$34)) -> 0.058023666 | L14: =(G14-min($G$5:$G$34))/(max($G$5:$G$34)-min($G$5:$G$34)) -> 0.016700312 | M14: =0.3*I14+0.25*J14+0.25*K14+0.2*L14 -> #DIV/0!
A15: United States | B15: 2024 Presidential Election (5 Nov 2024) | C15: January 1st 2023 to December 31st 2024 | D15: 0 | E15: 0 | F15: 21391 | G15: 848 | H15: ACLED | I15: =(D15-min($D$5:$D$34))/(max($D$5:$D$34)-min($D$5:$D$34)) -> #DIV/0! | J15: =(E15-min($E$5:$E$34))/(max($E$5:$E$34)-min($E$5:$E$34)) -> #DIV/0! | K15: =(F15-min($F$5:$F$34))/(max($F$5:$F$34)-min($F$5:$F$34)) -> 0.55498754 | L15: =(G15-min($G$5:$G$34))/(max($G$5:$G$34)-min($G$5:$G$34)) -> 0.077812443 | M15: =0.3*I15+0.25*J15+0.25*K15+0.2*L15 -> #DIV/0!
A16: United States | B16: 2020 Presidential Election (3 Nov 2020) | C16: January 1st 2019 to December 31st 2020 | D16: 0 | E16: 0 | F16: 21487 | G16: 863 | H16: ACLED | I16: =(D16-min($D$5:$D$34))/(max($D$5:$D$34)-min($D$5:$D$34)) -> #DIV/0! | J16: =(E16-min($E$5:$E$34))/(max($E$5:$E$34)-min($E$5:$E$34)) -> #DIV/0! | K16: =(F16-min($F$5:$F$34))/(max($F$5:$F$34)-min($F$5:$F$34)) -> 0.55747872 | L16: =(G16-min($G$5:$G$34))/(max($G$5:$G$34)-min($G$5:$G$34)) -> 0.079188842 | M16: =0.3*I16+0.25*J16+0.25*K16+0.2*L16 -> #DIV/0!
... A34: Congo | B34: 2021 Presidential Election (21 Mar 2021) | C34: January 1st 2020 to December 31st 2021 | D34: 0 | E34: 0 | F34: 28 | G34: 9 | H34: ACLED | I34: =(D34-min($D$5:$D$34))/(max($D$5:$D$34)-min($D$5:$D$34)) -> #DIV/0! | J34: =(E34-min($E$5:$E$34))/(max($E$5:$E$34)-min($E$5:$E$34)) -> #DIV/0! | K34: =(F34-min($F$5:$F$34))/(max($F$5:$F$34)-min($F$5:$F$34)) -> 0.00062279427 | L34: =(G34-min($G$5:$G$34))/(max($G$5:$G$34)-min($G$5:$G$34)) -> 0.0008258396 | M34: =0.3*I34+0.25*J34+0.25*K34+0.2*L34 -> #DIV/0!

Sheet ETTI
A1: Election Trauma Temperature Index (ETTI) — Composite Scores
A2: ETTI = 100 x [0.30xEVS + 0.20xTIE + 0.30xPDL + 0.20xITS]. Scale: 0-100.
A4: Country | B4: Election Year | C4: Year Range | D4: EVS (0-1) | E4: TIE (0-1) | F4: PDL (0-1) | G4: ITS (0-1) | H4: ETTI (0-100) | I4: Category
A5: Mexico | B5: 2024 General Election (2 Jun 2024) | C5: January 1st 2023 to December 31st 2024 | D5: =EVS!M5 -> #VALUE! | E5: =TIE!M5 -> 82.162784 | F5: =PDL!I5 -> 31.224046 | G5: =ITS!M5 -> #DIV/0! | H5: =0.3*D5+0.2*E5+0.3*F5+0.2*G5 -> #VALUE!
A6: Mexico | B6: 2021 Federal Midterm Election (6 Jun 2021) | C6: January 1st 2020 to December 31st 2021 | D6: =EVS!M6 -> #VALUE! | E6: =TIE!M6 -> 63.878162 | F6: =PDL!I6 -> 28.814624 | G6: =ITS!M6 -> #DIV/0! | H6: =0.3*D6+0.2*E6+0.3*F6+0.2*G6 -> #VALUE!
A7: Nigeria | B7: 2023 General Election (25 Feb 2023) | C7: January 1st 2022 to December 31st 2023 | D7: =EVS!M7 -> #VALUE! | E7: =TIE!M7 -> 44.985531 | F7: =PDL!I7 -> 23.075348 | G7: =ITS!M7 -> #DIV/0! | H7: =0.3*D7+0.2*E7+0.3*F7+0.2*G7 -> #VALUE!
A8: Nigeria | B8: 2019 General Election (23 Feb 2019) | C8: January 1st 2018 to December 31st 2019 | D8: =EVS!M8 -> #VALUE! | E8: =TIE!M8 -> 12.54933 | F8: =PDL!I8 -> 8.0828033 | G8: =ITS!M8 -> #DIV/0! | H8: =0.3*D8+0.2*E8+0.3*F8+0.2*G8 -> #VALUE!
A9: Kenya | B9: 2022 General Election (9 Aug 2022) | C9: January 1st 2021 to December 31st 2022 | D9: =EVS!M9 -> #VALUE! | E9: =TIE!M9 -> 8.17078 | F9: =PDL!I9 -> 11.390387 | G9: =ITS!M9 -> #DIV/0! | H9: =0.3*D9+0.2*E9+0.3*F9+0.2*G9 -> #VALUE!
A10: Kenya | B10: 2017 General Election (8 Aug / rerun 26 Oct 2017) | C10: January 1st 2016 to December 31st 2017 | D10: =EVS!M10 -> #VALUE! | E10: =TIE!M10 -> 3.2597773 | F10: =PDL!I10 -> 6.2279186 | G10: =ITS!M10 -> #DIV/0! | H10: =0.3*D10+0.2*E10+0.3*F10+0.2*G10 -> #VALUE!
A11: Indonesia | B11: 2024 General Election (14 Feb 2024) | C11: January 1st 2023 to December 31st 2024 | D11: =EVS!M11 -> #VALUE! | E11: =TIE!M11 -> 6.3178822 | F11: =PDL!I11 -> 8.6478609 | G11: =ITS!M11 -> #DIV/0! | H11: =0.3*D11+0.2*E11+0.3*F11+0.2*G11 -> #VALUE!
A12: Indonesia | B12: 2019 General Election (17 Apr 2019) | C12: January 1st 2018 to December 31st 2019 | D12: =EVS!M12 -> #VALUE! | E12: =TIE!M12 -> 4.3287528 | F12: =PDL!I12 -> 5.0942074 | G12: =ITS!M12 -> #DIV/0! | H12: =0.3*D12+0.2*E12+0.3*F12+0.2*G12 -> #VALUE!
A13: South Africa | B13: 2024 General Election (29 May 2024) | C13: January 1st 2023 to December 31st 2024 | D13: =EVS!M13 -> #VALUE! | E13: =TIE!M13 -> 6.561912 | F13: =PDL!I13 -> 14.713035 | G13: =ITS!M13 -> #DIV/0! | H13: =0.3*D13+0.2*E13+0.3*F13+0.2*G13 -> #VALUE!
A14: South Africa | B14: 2019 General Election (8 May 2019) | C14: January 1st 2018 to December 31st 2019 | D14: =EVS!M14 -> #VALUE! | E14: =TIE!M14 -> 3.4678503 | F14: =PDL!I14 -> 13.443252 | G14: =ITS!M14 -> #DIV/0! | H14: =0.3*D14+0.2*E14+0.3*F14+0.2*G14 -> #VALUE!
A15: United States | B15: 2024 Presidential Election (5 Nov 2024) | C15: January 1st 2023 to December 31st 2024 | D15: =EVS!M15 -> #VALUE! | E15: =TIE!M15 -> 8.2691928 | F15: =PDL!I15 -> 16.000609 | G15: =ITS!M15 -> #DIV/0! | H15: =0.3*D15+0.2*E15+0.3*F15+0.2*G15 -> #VALUE!
A16: United States | B16: 2020 Presidential Election (3 Nov 2020) | C16: January 1st 2019 to December 31st 2020 | D16: =EVS!M16 -> #VALUE! | E16: =TIE!M16 -> 4.8564437 | F16: =PDL!I16 -> 23.191369 | G16: =ITS!M16 -> #DIV/0! | H16: =0.3*D16+0.2*E16+0.3*F16+0.2*G16 -> #VALUE!
... A34: Congo | B34: 2021 Presidential Election (21 Mar 2021) | C34: January 1st 2020 to December 31st 2021 | D34: =EVS!M34 -> #VALUE! | E34: =TIE!M34 -> 0.047846434 | F34: =PDL!I34 -> 0.055779201 | G34: =ITS!M34 -> #DIV/0! | H34: =0.3*D34+0.2*E34+0.3*F34+0.2*G34 -> #VALUE!

Sheet Methodology
A1: EVS: Death gathered from fatalities for all event type in the specified time range. Injuries data cannot be found. Kidnappings filled with Abduction/forced disappearance. Attack/arson filled with the count of all event type except Protest with intervention, Distruptive weapon use, and Non-violent transfer of territory
A2: TIE: All data gathered by total count of event type. Political intimidation gathered from Attack, Mob violence, Violent demonstration, Excessive force against protesters. Threats is gathered from Abduction/forced disappearance, Remote explosive/landmine/IED, Suicide bomb, Chemical weapon, Grenade. Harrasement gathered from Looting/property destruction and Sexual violence. Politically-Motivated Arrest/Detention gathered from Arrest.
A3: PDL: All data gathered by total count of event type. Search/Media Distress Signal gathered from Violent demonstration, Protest with intervention, Change to group/activity, and Disrupted weapons use. Societal Distress Composite gathered from Abduction/forced disappearance, Looting/property destruction, Mob violence, Excessive force against protesters, Sexual violence, Arrests
A4: ITS: All data except court challenges and legal disputes gathered from total count of event type. Protest gathered from Peaceful protest and Violent demonstration. Security intervention gathered from Attack and Protest with intervention
